id;login;password;surname;name;patronymic;passport;birth;phone_number;address;post
55;user1;qwerty123;Иванов;Алексей;Сергеевич;1234 567890;1985-03-15;+7 (912) 345-67-89;ул. Ленина, д. 10, кв. 5;1
56;user2;pass1234;Петрова;Елена;Владимировна;2345 678901;1990-07-22;+7 (923) 456-78-90;ул. Гагарина, д. 15, кв. 20;2
57;user3;12345678;Сидоров;Дмитрий;Алексеевич;3456 789012;1978-11-30;+7 (934) 567-89-01;ул. Пушкина, д. 25, кв. 30;3
58;user4;password;Кузнецова;Ольга;Игоревна;4567 890123;1982-05-18;+7 (945) 678-90-12;ул. Чехова, д. 5, кв. 10;1
59;user5;qazwsxedc;Смирнов;Андрей;Павлович;5678 901234;1995-09-25;+7 (956) 789-01-23;ул. Толстого, д. 12, кв. 8;2
60;user6;123qweasd;Васильева;Наталья;Дмитриевна;6789 012345;1988-12-10;+7 (967) 890-12-34;ул. Достоевского, д. 7, кв. 15;3
61;user7;zxcvbn123;Попов;Иван;Анатольевич;7890 123456;1975-04-05;+7 (978) 901-23-45;ул. Горького, д. 20, кв. 25;1
62;user8;1q2w3e4r;Новикова;Татьяна;Сергеевна;8901 234567;1992-08-15;+7 (989) 012-34-56;ул. Лермонтова, д. 30, кв. 40;2
63;user9;passw0rd;Федоров;Сергей;Викторович;9012 345678;1980-01-20;+7 (990) 123-45-67;ул. Тургенева, д. 8, кв. 12;3
64;user10;qwertyuiop;Морозова;Анна;Александровна;0123 456789;1993-06-30;+7 (901) 234-56-78;ул. Некрасова, д. 14, кв. 18;1
65;user11;asdfghjkl;Лебедев;Павел;Олегович;1234 567890;1987-10-12;+7 (912) 345-67-89;ул. Блока, д. 22, кв. 28;2
66;user12;1qaz2wsx;Козлова;Мария;Ивановна;2345 678901;1979-02-25;+7 (923) 456-78-90;ул. Есенина, д. 11, кв. 9;3
67;user13;zaq12wsx;Никитин;Александр;Дмитриевич;3456 789012;1991-07-08;+7 (934) 567-89-01;ул. Маяковского, д. 17, кв. 14;1
68;user14;!qaz2wsx;Белова;Екатерина;Андреевна;4567 890123;1984-11-15;+7 (945) 678-90-12;ул. Фета, д. 9, кв. 7;2
69;user15;qwerty12345;Антонов;Денис;Сергеевич;5678 901234;1976-03-22;+7 (956) 789-01-23;ул. Тютчева, д. 13, кв. 16;3
70;user16;password123;Тихонова;Людмила;Васильевна;6789 012345;1989-09-05;+7 (967) 890-12-34;ул. Бунина, д. 19, кв. 22;1
71;user17;12345qwert;Макаров;Виктор;Петрович;7890 123456;1981-12-18;+7 (978) 901-23-45;ул. Пастернака, д. 24, кв. 31;2
72;user18;qweasdzxc;Орлова;Светлана;Николаевна;8901 234567;1994-05-30;+7 (989) 012-34-56;ул. Ахматовой, д. 6, кв. 11;3
73;user19;1q2w3e4r5t;Гусев;Артем;Игоревич;9012 345678;1977-08-12;+7 (990) 123-45-67;ул. Цветаевой, д. 16, кв. 19;1
74;user20;qazxswedc;Владимирова;Ирина;Алексеевна;0123 456789;1990-01-25;+7 (901) 234-56-78;ул. Мандельштама, д. 21, кв. 26;2
75;user21;1234abcd;Борисов;Максим;Владимирович;1234 567890;1983-04-08;+7 (912) 345-67-89;ул. Заболоцкого, д. 3, кв. 4;3
76;user22;abcd1234;Жукова;Алина;Сергеевна;2345 678901;1996-10-15;+7 (923) 456-78-90;ул. Бродского, д. 18, кв. 23;1
77;user23;qwerty12;Кудрявцев;Антон;Денисович;3456 789012;1986-07-20;+7 (934) 567-89-01;ул. Рубцова, д. 23, кв. 32;2
78;user24;12qwaszx;Соколова;Виктория;Олеговна;4567 890123;1974-12-05;+7 (945) 678-90-12;ул. Вознесенского, д. 10, кв. 13;3
79;user25;mnbvcxz;Данилов;Роман;Анатольевич;5678 901234;1997-03-18;+7 (956) 789-01-23;ул. Евтушенко, д. 25, кв. 29;1
80;user26;1qazxsw2;Егорова;Юлия;Вадимовна;6789 012345;1988-06-22;+7 (967) 890-12-34;ул. Вознесенского, д. 7, кв. 10;2
81;user27;zaq1xsw2;Тимофеев;Григорий;Степанович;7890 123456;1973-09-15;+7 (978) 901-23-45;ул. Дружбы, д. 14, кв. 17;3
82;user28;!qazxsw2;Савельева;Елена;Романовна;8901 234567;1992-02-28;+7 (989) 012-34-56;ул. Мира, д. 8, кв. 12;1
83;user29;qwe123rty;Фролов;Игорь;Александрович;9012 345678;1985-05-10;+7 (990) 123-45-67;ул. Строителей, д. 12, кв. 15;2
84;user30;1q2w3e4r;Комарова;Анастасия;Витальевна;0123 456789;1998-08-25;+7 (901) 234-56-78;ул. Юности, д. 19, кв. 24;3
85;user31;q1w2e3r4;Герасимов;Владимир;Иванович;1234 567890;1979-11-30;+7 (912) 345-67-89;ул. Солнечная, д. 5, кв. 8;1
86;user32;1a2s3d4f;Ларина;Ольга;Дмитриевна;2345 678901;1991-04-12;+7 (923) 456-78-90;ул. Зеленая, д. 15, кв. 20;2
87;user33;z1x2c3v4;Медведев;Алексей;Павлович;3456 789012;1984-07-25;+7 (934) 567-89-01;ул. Лесная, д. 20, кв. 25;3
88;user34;qawsedrf;Калинина;Надежда;Сергеевна;4567 890123;1976-10-08;+7 (945) 678-90-12;ул. Речная, д. 10, кв. 14;1
89;user35;tgbyhnuj;Широков;Денис;Андреевич;5678 901234;1993-01-20;+7 (956) 789-01-23;ул. Горная, д. 12, кв. 16;2
90;user36;yhnujmik;Горбунова;Татьяна;Владимировна;6789 012345;1987-04-05;+7 (967) 890-12-34;ул. Садовая, д. 18, кв. 22;3
91;user37;ikmjunhy;Крылов;Артем;Олегович;7890 123456;1980-09-18;+7 (978) 901-23-45;ул. Парковая, д. 22, кв. 27;1
92;user38;tgbnhyuj;Маркова;Светлана;Игоревна;8901 234567;1995-12-30;+7 (989) 012-34-56;ул. Вишневая, д. 6, кв. 9;2
93;user39;ujmikolp;Зайцев;Роман;Николаевич;9012 345678;1978-03-15;+7 (990) 123-45-67;ул. Яблоневая, д. 14, кв. 19;3
94;user40;plokmijn;Исаева;Анна;Анатольевна;0123 456789;1990-06-28;+7 (901) 234-56-78;ул. Грушевая, д. 16, кв. 21;1
95;user41;okmijnuh;Громов;Сергей;Викторович;1234 567890;1983-10-10;+7 (912) 345-67-89;ул. Сливовая, д. 8, кв. 11;2
96;user42;ijnuhbyg;Терентьева;Евгения;Денисовна;2345 678901;1996-02-22;+7 (923) 456-78-90;ул. Ореховая, д. 17, кв. 23;3
97;user43;vgybhnuj;Субботин;Андрей;Алексеевич;3456 789012;1989-05-15;+7 (934) 567-89-01;ул. Кленовая, д. 19, кв. 26;1
98;user44;bhnujmik;Котова;Марина;Сергеевна;4567 890123;1975-08-28;+7 (945) 678-90-12;ул. Березовая, д. 11, кв. 14;2
99;user45;mikolp;Логинов;Дмитрий;Вадимович;5678 901234;1998-01-10;+7 (956) 789-01-23;ул. Дубовая, д. 13, кв. 17;3
100;user46;lokijuhy;Романова;Александра;Олеговна;6789 012345;1981-04-25;+7 (967) 890-12-34;ул. Сосновая, д. 15, кв. 20;1
101;user47;kijuhygt;Куликов;Илья;Дмитриевич;7890 123456;1974-07-18;+7 (978) 901-23-45;ул. Липовая, д. 20, кв. 25;2